"type","size"
"i32_base",371.3828125
"i32_ht",471.0546875
"i32_ht_cmp",17.1171875
"i64_base",407.125
"i64_ht",506.796875
"i64_ht_cmp",17.1171875
"f32_base",371.3828125
"f32_ht",471.0546875
"f32_ht_cmp",17.265625
"f64_base",407.125
"f64_ht",506.796875
"f64_ht_cmp",17.3203125
"bool_base",371.3828125
"bool_ht",471.0546875
"bool_ht_cmp",15.1640625
